{"app": null, "type": "vuln", "title": "Resource 'aws_security_group.all_ports_to_all' defines a fully open ingress security group.", "description": "Resource 'aws_security_group.all_ports_to_all' defines a fully open ingress security group.", "internal_id": "AWS008/f463303a2ba2e84f8a4afbb1190081ee", "severity": "info", "owasp_category": "", "category": "AWS008", "details": {"repoContext": {"repositoryName": null, "repositoryUri": "https://github.com/nccgroup/sadcloud", "revisionId": "3ba4c281e172567b9b3cd0a79608079aa1218661", "branch": "master", "invokedBy": "Rami McCarthy <ramimac@users.noreply.github.com>", "pullRequest": false}, "name": "Resource 'aws_security_group.all_ports_to_all' defines a fully open ingress security group.", "tags": "ShiftLeft,Scan", "fileName": "file:///sadcloud/modules/aws/ec2/main.tf", "DATA_TYPE": "OSS_SCAN", "lineNumber": 45}}{"app": null, "type": "vuln", "title": "Resource 'aws_security_group.all_ports_to_all' defines a fully open egress security group.", "description": "Resource 'aws_security_group.all_ports_to_all' defines a fully open egress security group.", "internal_id": "AWS009/b4add6dc697810bd73d9e34340c063df", "severity": "info", "owasp_category": "", "category": "AWS009", "details": {"repoContext": {"repositoryName": null, "repositoryUri": "https://github.com/nccgroup/sadcloud", "revisionId": "3ba4c281e172567b9b3cd0a79608079aa1218661", "branch": "master", "invokedBy": "Rami McCarthy <ramimac@users.noreply.github.com>", "pullRequest": false}, "name": "Resource 'aws_security_group.all_ports_to_all' defines a fully open egress security group.", "tags": "ShiftLeft,Scan", "fileName": "file:///sadcloud/modules/aws/ec2/main.tf", "DATA_TYPE": "OSS_SCAN", "lineNumber": 52}}{"app": null, "type": "vuln", "title": "Resource 'aws_security_group.all_ports_to_self' defines a fully open ingress security group.", "description": "Resource 'aws_security_group.all_ports_to_all' defines a fully open ingress security group.", "internal_id": "AWS008/a2734dadc7907b9a66c25bf5ea3cd402", "severity": "info", "owasp_category": "", "category": "AWS008", "details": {"repoContext": {"repositoryName": null, "repositoryUri": "https://github.com/nccgroup/sadcloud", "revisionId": "3ba4c281e172567b9b3cd0a79608079aa1218661", "branch": "master", "invokedBy": "Rami McCarthy <ramimac@users.noreply.github.com>", "pullRequest": false}, "name": "Resource 'aws_security_group.all_ports_to_self' defines a fully open ingress security group.", "tags": "ShiftLeft,Scan", "fileName": "file:///sadcloud/modules/aws/ec2/main.tf", "DATA_TYPE": "OSS_SCAN", "lineNumber": 73}}{"app": null, "type": "vuln", "title": "Resource 'aws_security_group.all_ports_to_self' defines a fully open egress security group.", "description": "Resource 'aws_security_group.all_ports_to_all' defines a fully open egress security group.", "internal_id": "AWS009/38ec3e20424f467e5399b798065cc542", "severity": "info", "owasp_category": "", "category": "AWS009", "details": {"repoContext": {"repositoryName": null, "repositoryUri": "https://github.com/nccgroup/sadcloud", "revisionId": "3ba4c281e172567b9b3cd0a79608079aa1218661", "branch": "master", "invokedBy": "Rami McCarthy <ramimac@users.noreply.github.com>", "pullRequest": false}, "name": "Resource 'aws_security_group.all_ports_to_self' defines a fully open egress security group.", "tags": "ShiftLeft,Scan", "fileName": "file:///sadcloud/modules/aws/ec2/main.tf", "DATA_TYPE": "OSS_SCAN", "lineNumber": 81}}{"app": null, "type": "vuln", "title": "Resource 'aws_security_group.icmp_to_all' defines a fully open ingress security group.", "description": "Resource 'aws_security_group.all_ports_to_all' defines a fully open ingress security group.", "internal_id": "AWS008/fa7323538d2ca49995ba0008ecabd291", "severity": "info", "owasp_category": "", "category": "AWS008", "details": {"repoContext": {"repositoryName": null, "repositoryUri": "https://github.com/nccgroup/sadcloud", "revisionId": "3ba4c281e172567b9b3cd0a79608079aa1218661", "branch": "master", "invokedBy": "Rami McCarthy <ramimac@users.noreply.github.com>", "pullRequest": false}, "name": "Resource 'aws_security_group.icmp_to_all' defines a fully open ingress security group.", "tags": "ShiftLeft,Scan", "fileName": "file:///sadcloud/modules/aws/ec2/main.tf", "DATA_TYPE": "OSS_SCAN", "lineNumber": 102}}{"app": null, "type": "vuln", "title": "Resource 'aws_security_group.icmp_to_all' defines a fully open egress security group.", "description": "Resource 'aws_security_group.all_ports_to_all' defines a fully open egress security group.", "internal_id": "AWS009/fe367f1c592aee601150cacd341c533a", "severity": "info", "owasp_category": "", "category": "AWS009", "details": {"repoContext": {"repositoryName": null, "repositoryUri": "https://github.com/nccgroup/sadcloud", "revisionId": "3ba4c281e172567b9b3cd0a79608079aa1218661", "branch": "master", "invokedBy": "Rami McCarthy <ramimac@users.noreply.github.com>", "pullRequest": false}, "name": "Resource 'aws_security_group.icmp_to_all' defines a fully open egress security group.", "tags": "ShiftLeft,Scan", "fileName": "file:///sadcloud/modules/aws/ec2/main.tf", "DATA_TYPE": "OSS_SCAN", "lineNumber": 109}}{"app": null, "type": "vuln", "title": "Resource 'aws_security_group.known_port_to_all' defines a fully open ingress security group.", "description": "Resource 'aws_security_group.all_ports_to_all' defines a fully open ingress security group.", "internal_id": "AWS008/4350d51596f3f221aa8e959a65dc88f7", "severity": "info", "owasp_category": "", "category": "AWS008", "details": {"repoContext": {"repositoryName": null, "repositoryUri": "https://github.com/nccgroup/sadcloud", "revisionId": "3ba4c281e172567b9b3cd0a79608079aa1218661", "branch": "master", "invokedBy": "Rami McCarthy <ramimac@users.noreply.github.com>", "pullRequest": false}, "name": "Resource 'aws_security_group.known_port_to_all' defines a fully open ingress security group.", "tags": "ShiftLeft,Scan", "fileName": "file:///sadcloud/modules/aws/ec2/main.tf", "DATA_TYPE": "OSS_SCAN", "lineNumber": 130}}{"app": null, "type": "vuln", "title": "Resource 'aws_security_group.known_port_to_all' defines a fully open egress security group.", "description": "Resource 'aws_security_group.all_ports_to_all' defines a fully open egress security group.", "internal_id": "AWS009/19a26eae0e7e1727ecf2888a8431e13b", "severity": "info", "owasp_category": "", "category": "AWS009", "details": {"repoContext": {"repositoryName": null, "repositoryUri": "https://github.com/nccgroup/sadcloud", "revisionId": "3ba4c281e172567b9b3cd0a79608079aa1218661", "branch": "master", "invokedBy": "Rami McCarthy <ramimac@users.noreply.github.com>", "pullRequest": false}, "name": "Resource 'aws_security_group.known_port_to_all' defines a fully open egress security group.", "tags": "ShiftLeft,Scan", "fileName": "file:///sadcloud/modules/aws/ec2/main.tf", "DATA_TYPE": "OSS_SCAN", "lineNumber": 200}}{"app": null, "type": "vuln", "title": "Resource 'aws_security_group.opens_plaintext_port' defines a fully open ingress security group.", "description": "Resource 'aws_security_group.all_ports_to_all' defines a fully open ingress security group.", "internal_id": "AWS008/003ea52022cfd43603cc04c14b36670b", "severity": "info", "owasp_category": "", "category": "AWS008", "details": {"repoContext": {"repositoryName": null, "repositoryUri": "https://github.com/nccgroup/sadcloud", "revisionId": "3ba4c281e172567b9b3cd0a79608079aa1218661", "branch": "master", "invokedBy": "Rami McCarthy <ramimac@users.noreply.github.com>", "pullRequest": false}, "name": "Resource 'aws_security_group.opens_plaintext_port' defines a fully open ingress security group.", "tags": "ShiftLeft,Scan", "fileName": "file:///sadcloud/modules/aws/ec2/main.tf", "DATA_TYPE": "OSS_SCAN", "lineNumber": 221}}{"app": null, "type": "vuln", "title": "Resource 'aws_security_group.opens_plaintext_port' defines a fully open egress security group.", "description": "Resource 'aws_security_group.all_ports_to_all' defines a fully open egress security group.", "internal_id": "AWS009/7da8d724d590fd609e3cf0ca752ab6d7", "severity": "info", "owasp_category": "", "category": "AWS009", "details": {"repoContext": {"repositoryName": null, "repositoryUri": "https://github.com/nccgroup/sadcloud", "revisionId": "3ba4c281e172567b9b3cd0a79608079aa1218661", "branch": "master", "invokedBy": "Rami McCarthy <ramimac@users.noreply.github.com>", "pullRequest": false}, "name": "Resource 'aws_security_group.opens_plaintext_port' defines a fully open egress security group.", "tags": "ShiftLeft,Scan", "fileName": "file:///sadcloud/modules/aws/ec2/main.tf", "DATA_TYPE": "OSS_SCAN", "lineNumber": 235}}{"app": null, "type": "vuln", "title": "Resource 'aws_security_group.opens_port_range' defines a fully open ingress security group.", "description": "Resource 'aws_security_group.all_ports_to_all' defines a fully open ingress security group.", "internal_id": "AWS008/7817d4454b52172c9de42d6a6aa4d84c", "severity": "info", "owasp_category": "", "category": "AWS008", "details": {"repoContext": {"repositoryName": null, "repositoryUri": "https://github.com/nccgroup/sadcloud", "revisionId": "3ba4c281e172567b9b3cd0a79608079aa1218661", "branch": "master", "invokedBy": "Rami McCarthy <ramimac@users.noreply.github.com>", "pullRequest": false}, "name": "Resource 'aws_security_group.opens_port_range' defines a fully open ingress security group.", "tags": "ShiftLeft,Scan", "fileName": "file:///sadcloud/modules/aws/ec2/main.tf", "DATA_TYPE": "OSS_SCAN", "lineNumber": 256}}{"app": null, "type": "vuln", "title": "Resource 'aws_security_group.opens_port_range' defines a fully open egress security group.", "description": "Resource 'aws_security_group.all_ports_to_all' defines a fully open egress security group.", "internal_id": "AWS009/6a019d7870641ff0b12e9144c0b06abe", "severity": "info", "owasp_category": "", "category": "AWS009", "details": {"repoContext": {"repositoryName": null, "repositoryUri": "https://github.com/nccgroup/sadcloud", "revisionId": "3ba4c281e172567b9b3cd0a79608079aa1218661", "branch": "master", "invokedBy": "Rami McCarthy <ramimac@users.noreply.github.com>", "pullRequest": false}, "name": "Resource 'aws_security_group.opens_port_range' defines a fully open egress security group.", "tags": "ShiftLeft,Scan", "fileName": "file:///sadcloud/modules/aws/ec2/main.tf", "DATA_TYPE": "OSS_SCAN", "lineNumber": 263}}{"app": null, "type": "vuln", "title": "Resource 'aws_security_group.opens_port_to_all' defines a fully open ingress security group.", "description": "Resource 'aws_security_group.all_ports_to_all' defines a fully open ingress security group.", "internal_id": "AWS008/9848a1c8ed8cc1cc47766e69fbc89b03", "severity": "info", "owasp_category": "", "category": "AWS008", "details": {"repoContext": {"repositoryName": null, "repositoryUri": "https://github.com/nccgroup/sadcloud", "revisionId": "3ba4c281e172567b9b3cd0a79608079aa1218661", "branch": "master", "invokedBy": "Rami McCarthy <ramimac@users.noreply.github.com>", "pullRequest": false}, "name": "Resource 'aws_security_group.opens_port_to_all' defines a fully open ingress security group.", "tags": "ShiftLeft,Scan", "fileName": "file:///sadcloud/modules/aws/ec2/main.tf", "DATA_TYPE": "OSS_SCAN", "lineNumber": 284}}{"app": null, "type": "vuln", "title": "Resource 'aws_security_group.opens_port_to_all' defines a fully open egress security group.", "description": "Resource 'aws_security_group.all_ports_to_all' defines a fully open egress security group.", "internal_id": "AWS009/3dd61157aba944f71ca09f37979cb6a7", "severity": "info", "owasp_category": "", "category": "AWS009", "details": {"repoContext": {"repositoryName": null, "repositoryUri": "https://github.com/nccgroup/sadcloud", "revisionId": "3ba4c281e172567b9b3cd0a79608079aa1218661", "branch": "master", "invokedBy": "Rami McCarthy <ramimac@users.noreply.github.com>", "pullRequest": false}, "name": "Resource 'aws_security_group.opens_port_to_all' defines a fully open egress security group.", "tags": "ShiftLeft,Scan", "fileName": "file:///sadcloud/modules/aws/ec2/main.tf", "DATA_TYPE": "OSS_SCAN", "lineNumber": 291}}{"app": null, "type": "vuln", "title": "Resource 'aws_security_group.whitelists_aws_ip_from_banned_region' defines a fully open egress security group.", "description": "Resource 'aws_security_group.all_ports_to_all' defines a fully open egress security group.", "internal_id": "AWS009/4a564fdb67bab3c1a5abc37f7a2aa35b", "severity": "info", "owasp_category": "", "category": "AWS009", "details": {"repoContext": {"repositoryName": null, "repositoryUri": "https://github.com/nccgroup/sadcloud", "revisionId": "3ba4c281e172567b9b3cd0a79608079aa1218661", "branch": "master", "invokedBy": "Rami McCarthy <ramimac@users.noreply.github.com>", "pullRequest": false}, "name": "Resource 'aws_security_group.whitelists_aws_ip_from_banned_region' defines a fully open egress security group.", "tags": "ShiftLeft,Scan", "fileName": "file:///sadcloud/modules/aws/ec2/main.tf", "DATA_TYPE": "OSS_SCAN", "lineNumber": 319}}{"app": null, "type": "vuln", "title": "Resource 'aws_security_group.whitelists_aws' defines a fully open egress security group.", "description": "Resource 'aws_security_group.all_ports_to_all' defines a fully open egress security group.", "internal_id": "AWS009/58b70c03b956e037d5931d6da0384096", "severity": "info", "owasp_category": "", "category": "AWS009", "details": {"repoContext": {"repositoryName": null, "repositoryUri": "https://github.com/nccgroup/sadcloud", "revisionId": "3ba4c281e172567b9b3cd0a79608079aa1218661", "branch": "master", "invokedBy": "Rami McCarthy <ramimac@users.noreply.github.com>", "pullRequest": false}, "name": "Resource 'aws_security_group.whitelists_aws' defines a fully open egress security group.", "tags": "ShiftLeft,Scan", "fileName": "file:///sadcloud/modules/aws/ec2/main.tf", "DATA_TYPE": "OSS_SCAN", "lineNumber": 347}}{"app": null, "type": "vuln", "title": "Resource 'aws_security_group.whitelists_unknown_cidrs' defines a fully open egress security group.", "description": "Resource 'aws_security_group.all_ports_to_all' defines a fully open egress security group.", "internal_id": "AWS009/246988b60fae4db8b9fc0934c67eccee", "severity": "info", "owasp_category": "", "category": "AWS009", "details": {"repoContext": {"repositoryName": null, "repositoryUri": "https://github.com/nccgroup/sadcloud", "revisionId": "3ba4c281e172567b9b3cd0a79608079aa1218661", "branch": "master", "invokedBy": "Rami McCarthy <ramimac@users.noreply.github.com>", "pullRequest": false}, "name": "Resource 'aws_security_group.whitelists_unknown_cidrs' defines a fully open egress security group.", "tags": "ShiftLeft,Scan", "fileName": "file:///sadcloud/modules/aws/ec2/main.tf", "DATA_TYPE": "OSS_SCAN", "lineNumber": 375}}{"app": null, "type": "vuln", "title": "Resource 'aws_security_group.unused_security_group' defines a fully open egress security group.", "description": "Resource 'aws_security_group.all_ports_to_all' defines a fully open egress security group.", "internal_id": "AWS009/963610161dc9eec1da35607467dd4810", "severity": "info", "owasp_category": "", "category": "AWS009", "details": {"repoContext": {"repositoryName": null, "repositoryUri": "https://github.com/nccgroup/sadcloud", "revisionId": "3ba4c281e172567b9b3cd0a79608079aa1218661", "branch": "master", "invokedBy": "Rami McCarthy <ramimac@users.noreply.github.com>", "pullRequest": false}, "name": "Resource 'aws_security_group.unused_security_group' defines a fully open egress security group.", "tags": "ShiftLeft,Scan", "fileName": "file:///sadcloud/modules/aws/ec2/main.tf", "DATA_TYPE": "OSS_SCAN", "lineNumber": 401}}{"app": null, "type": "vuln", "title": "Resource 'aws_s3_bucket.access_logging' defines an unencrypted S3 bucket (missing server_side_encryption_configuration block).", "description": "Resource 'aws_s3_bucket.access_logging' defines an unencrypted S3 bucket (missing server_side_encryption_configuration block).", "internal_id": "AWS017/1c970643c6b92d5b9c2a574205b40e55", "severity": "info", "owasp_category": "", "category": "AWS017", "details": {"repoContext": {"repositoryName": null, "repositoryUri": "https://github.com/nccgroup/sadcloud", "revisionId": "3ba4c281e172567b9b3cd0a79608079aa1218661", "branch": "master", "invokedBy": "Rami McCarthy <ramimac@users.noreply.github.com>", "pullRequest": false}, "name": "Resource 'aws_s3_bucket.access_logging' defines an unencrypted S3 bucket (missing server_side_encryption_configuration block).", "tags": "ShiftLeft,Scan", "fileName": "file:///sadcloud/modules/aws/elbv2/main.tf", "DATA_TYPE": "OSS_SCAN", "lineNumber": 1}}{"app": null, "type": "vuln", "title": "Resource 'aws_lb.main' is exposed publicly.", "description": "Resource 'aws_lb.main' is exposed publicly.", "internal_id": "AWS005/26a19a3bb460aa732d10697e3b69ab3e", "severity": "info", "owasp_category": "", "category": "AWS005", "details": {"repoContext": {"repositoryName": null, "repositoryUri": "https://github.com/nccgroup/sadcloud", "revisionId": "3ba4c281e172567b9b3cd0a79608079aa1218661", "branch": "master", "invokedBy": "Rami McCarthy <ramimac@users.noreply.github.com>", "pullRequest": false}, "name": "Resource 'aws_lb.main' is exposed publicly.", "tags": "ShiftLeft,Scan", "fileName": "file:///sadcloud/modules/aws/elbv2/main.tf", "DATA_TYPE": "OSS_SCAN", "lineNumber": 9}}{"app": null, "type": "vuln", "title": "Resource 'aws_s3_bucket.main' defines an unencrypted S3 bucket (missing server_side_encryption_configuration block).", "description": "Resource 'aws_s3_bucket.access_logging' defines an unencrypted S3 bucket (missing server_side_encryption_configuration block).", "internal_id": "AWS017/5a019b2aab0bae6d92a7283a77863595", "severity": "info", "owasp_category": "", "category": "AWS017", "details": {"repoContext": {"repositoryName": null, "repositoryUri": "https://github.com/nccgroup/sadcloud", "revisionId": "3ba4c281e172567b9b3cd0a79608079aa1218661", "branch": "master", "invokedBy": "Rami McCarthy <ramimac@users.noreply.github.com>", "pullRequest": false}, "name": "Resource 'aws_s3_bucket.main' defines an unencrypted S3 bucket (missing server_side_encryption_configuration block).", "tags": "ShiftLeft,Scan", "fileName": "file:///sadcloud/modules/aws/s3/main.tf", "DATA_TYPE": "OSS_SCAN", "lineNumber": 1}}{"app": null, "type": "vuln", "title": "Resource 'aws_s3_bucket.logging' defines an unencrypted S3 bucket (missing server_side_encryption_configuration block).", "description": "Resource 'aws_s3_bucket.access_logging' defines an unencrypted S3 bucket (missing server_side_encryption_configuration block).", "internal_id": "AWS017/faa53d21df8393e09b1dc2c883f87d57", "severity": "info", "owasp_category": "", "category": "AWS017", "details": {"repoContext": {"repositoryName": null, "repositoryUri": "https://github.com/nccgroup/sadcloud", "revisionId": "3ba4c281e172567b9b3cd0a79608079aa1218661", "branch": "master", "invokedBy": "Rami McCarthy <ramimac@users.noreply.github.com>", "pullRequest": false}, "name": "Resource 'aws_s3_bucket.logging' defines an unencrypted S3 bucket (missing server_side_encryption_configuration block).", "tags": "ShiftLeft,Scan", "fileName": "file:///sadcloud/modules/aws/s3/main.tf", "DATA_TYPE": "OSS_SCAN", "lineNumber": 41}}{"app": null, "type": "vuln", "title": "Resource 'aws_s3_bucket.getonly' defines an unencrypted S3 bucket (missing server_side_encryption_configuration block).", "description": "Resource 'aws_s3_bucket.access_logging' defines an unencrypted S3 bucket (missing server_side_encryption_configuration block).", "internal_id": "AWS017/fe688145ed607cdd1a4407f6fe179db3", "severity": "info", "owasp_category": "", "category": "AWS017", "details": {"repoContext": {"repositoryName": null, "repositoryUri": "https://github.com/nccgroup/sadcloud", "revisionId": "3ba4c281e172567b9b3cd0a79608079aa1218661", "branch": "master", "invokedBy": "Rami McCarthy <ramimac@users.noreply.github.com>", "pullRequest": false}, "name": "Resource 'aws_s3_bucket.getonly' defines an unencrypted S3 bucket (missing server_side_encryption_configuration block).", "tags": "ShiftLeft,Scan", "fileName": "file:///sadcloud/modules/aws/s3/main.tf", "DATA_TYPE": "OSS_SCAN", "lineNumber": 103}}{"app": null, "type": "vuln", "title": "Resource 'aws_s3_bucket.public' defines an unencrypted S3 bucket (missing server_side_encryption_configuration block).", "description": "Resource 'aws_s3_bucket.access_logging' defines an unencrypted S3 bucket (missing server_side_encryption_configuration block).", "internal_id": "AWS017/127ec27e06a13f5af8d530a0fcfd33c0", "severity": "info", "owasp_category": "", "category": "AWS017", "details": {"repoContext": {"repositoryName": null, "repositoryUri": "https://github.com/nccgroup/sadcloud", "revisionId": "3ba4c281e172567b9b3cd0a79608079aa1218661", "branch": "master", "invokedBy": "Rami McCarthy <ramimac@users.noreply.github.com>", "pullRequest": false}, "name": "Resource 'aws_s3_bucket.public' defines an unencrypted S3 bucket (missing server_side_encryption_configuration block).", "tags": "ShiftLeft,Scan", "fileName": "file:///sadcloud/modules/aws/s3/main.tf", "DATA_TYPE": "OSS_SCAN", "lineNumber": 138}}{"app": null, "type": "vuln", "title": "Resource 'aws_sns_topic.main' defines an unencrypted SNS topic.", "description": "Resource 'aws_sns_topic.main' defines an unencrypted SNS topic.", "internal_id": "AWS016/14982b0f39022ccd523eb5ccf32ece76", "severity": "info", "owasp_category": "", "category": "AWS016", "details": {"repoContext": {"repositoryName": null, "repositoryUri": "https://github.com/nccgroup/sadcloud", "revisionId": "3ba4c281e172567b9b3cd0a79608079aa1218661", "branch": "master", "invokedBy": "Rami McCarthy <ramimac@users.noreply.github.com>", "pullRequest": false}, "name": "Resource 'aws_sns_topic.main' defines an unencrypted SNS topic.", "tags": "ShiftLeft,Scan", "fileName": "file:///sadcloud/modules/aws/sns/main.tf", "DATA_TYPE": "OSS_SCAN", "lineNumber": 1}}{"app": null, "type": "vuln", "title": "Resource 'aws_s3_bucket.logging' defines an unencrypted S3 bucket (missing server_side_encryption_configuration block).", "description": "Resource 'aws_s3_bucket.access_logging' defines an unencrypted S3 bucket (missing server_side_encryption_configuration block).", "internal_id": "AWS017/887c662fee0b98fd48da257844ab811a", "severity": "info", "owasp_category": "", "category": "AWS017", "details": {"repoContext": {"repositoryName": null, "repositoryUri": "https://github.com/nccgroup/sadcloud", "revisionId": "3ba4c281e172567b9b3cd0a79608079aa1218661", "branch": "master", "invokedBy": "Rami McCarthy <ramimac@users.noreply.github.com>", "pullRequest": false}, "name": "Resource 'aws_s3_bucket.logging' defines an unencrypted S3 bucket (missing server_side_encryption_configuration block).", "tags": "ShiftLeft,Scan", "fileName": "file:///sadcloud/modules/aws/cloudtrail/main.tf", "DATA_TYPE": "OSS_SCAN", "lineNumber": 29}}{"app": null, "type": "vuln", "title": "Resource 'aws_elb.main' is exposed publicly.", "description": "Resource 'aws_lb.main' is exposed publicly.", "internal_id": "AWS005/7d67fb0d975715a158c9787138ad2d75", "severity": "info", "owasp_category": "", "category": "AWS005", "details": {"repoContext": {"repositoryName": null, "repositoryUri": "https://github.com/nccgroup/sadcloud", "revisionId": "3ba4c281e172567b9b3cd0a79608079aa1218661", "branch": "master", "invokedBy": "Rami McCarthy <ramimac@users.noreply.github.com>", "pullRequest": false}, "name": "Resource 'aws_elb.main' is exposed publicly.", "tags": "ShiftLeft,Scan", "fileName": "file:///sadcloud/modules/aws/elb/main.tf", "DATA_TYPE": "OSS_SCAN", "lineNumber": 1}}