{"tool": {"driver": {"name": "Terraform static analysis", "rules": [{"id": "AWS008", "help": {"text": "Resource 'aws_security_group.all_ports_to_all' defines a fully open ingress security group.", "markdown": "Resource 'aws_security_group.all_ports_to_all' defines a fully open ingress security group."}, "name": "", "properties": {"tags": ["ShiftLeft", "Scan"], "precision": "high"}, "defaultConfiguration": {"level": "warning"}, "fullDescription": {"text": "Resource 'aws_security_group.all_ports_to_all' defines a fully open ingress security group."}, "helpUri": "https://github.com/liamg/tfsec/wiki/AWS008", "shortDescription": {"text": "Rule AWS008 from tfsec."}}, {"id": "AWS009", "help": {"text": "Resource 'aws_security_group.all_ports_to_all' defines a fully open egress security group.", "markdown": "Resource 'aws_security_group.all_ports_to_all' defines a fully open egress security group."}, "name": "", "properties": {"tags": ["ShiftLeft", "Scan"], "precision": "high"}, "defaultConfiguration": {"level": "error"}, "fullDescription": {"text": "Resource 'aws_security_group.all_ports_to_all' defines a fully open egress security group."}, "helpUri": "https://github.com/liamg/tfsec/wiki/AWS009", "shortDescription": {"text": "Rule AWS009 from tfsec."}}, {"id": "AWS017", "help": {"text": "Resource 'aws_s3_bucket.access_logging' defines an unencrypted S3 bucket (missing server_side_encryption_configuration block).", "markdown": "Resource 'aws_s3_bucket.access_logging' defines an unencrypted S3 bucket (missing server_side_encryption_configuration block)."}, "name": "", "properties": {"tags": ["ShiftLeft", "Scan"], "precision": "high"}, "defaultConfiguration": {"level": "error"}, "fullDescription": {"text": "Resource 'aws_s3_bucket.access_logging' defines an unencrypted S3 bucket (missing server_side_encryption_configuration block)."}, "helpUri": "https://github.com/liamg/tfsec/wiki/AWS017", "shortDescription": {"text": "Rule AWS017 from tfsec."}}, {"id": "AWS005", "help": {"text": "Resource 'aws_lb.main' is exposed publicly.", "markdown": "Resource 'aws_lb.main' is exposed publicly."}, "name": "", "properties": {"tags": ["ShiftLeft", "Scan"], "precision": "high"}, "defaultConfiguration": {"level": "warning"}, "fullDescription": {"text": "Resource 'aws_lb.main' is exposed publicly."}, "helpUri": "https://github.com/liamg/tfsec/wiki/AWS005", "shortDescription": {"text": "Rule AWS005 from tfsec."}}, {"id": "AWS016", "help": {"text": "Resource 'aws_sns_topic.main' defines an unencrypted SNS topic.", "markdown": "Resource 'aws_sns_topic.main' defines an unencrypted SNS topic."}, "name": "", "properties": {"tags": ["ShiftLeft", "Scan"], "precision": "high"}, "defaultConfiguration": {"level": "error"}, "fullDescription": {"text": "Resource 'aws_sns_topic.main' defines an unencrypted SNS topic."}, "helpUri": "https://github.com/liamg/tfsec/wiki/AWS016", "shortDescription": {"text": "Rule AWS016 from tfsec."}}]}}, "conversion": {"tool": {"driver": {"name": "@ShiftLeft/sast-scan"}}, "invocation": {"arguments": ["--format", "json", "--no-colour", "/app"], "executionSuccessful": true, "commandLine": "--format json --no-colour /app", "endTimeUtc": "2020-05-24T00:11:11Z", "workingDirectory": {"uri": "file:///sadcloud/"}}}, "invocations": [{"executionSuccessful": true, "endTimeUtc": "2020-05-24T00:11:11Z", "workingDirectory": {"uri": "file:///sadcloud/"}}], "properties": {"metrics": {"total": 27, "critical": 1, "high": 17, "medium": 9, "low": 0}}, "results": [{"message": {"markdown": "", "text": "Resource 'aws_security_group.all_ports_to_all' defines a fully open ingress security group."}, "locations": [{"physicalLocation": {"region": {"snippet": {"text": "    cidr_blocks = [\"0.0.0.0/0\"]\n"}, "startLine": 45}, "artifactLocation": {"uri": "file:///sadcloud//modules/aws/ec2/main.tf"}, "contextRegion": {"snippet": {"text": "    protocol    = -1\n    cidr_blocks = [\"0.0.0.0/0\"]\n"}, "endLine": 45, "startLine": 44}}}], "properties": {"issue_confidence": "MEDIUM", "issue_severity": "MEDIUM"}, "baselineState": "new", "partialFingerprints": {}, "ruleId": "AWS008", "ruleIndex": 0}, {"message": {"markdown": "", "text": "Resource 'aws_security_group.all_ports_to_all' defines a fully open egress security group."}, "level": "error", "locations": [{"physicalLocation": {"region": {"snippet": {"text": "    cidr_blocks = [\"0.0.0.0/0\"]\n"}, "startLine": 52}, "artifactLocation": {"uri": "file:///sadcloud//modules/aws/ec2/main.tf"}, "contextRegion": {"snippet": {"text": "    protocol    = -1\n    cidr_blocks = [\"0.0.0.0/0\"]\n"}, "endLine": 52, "startLine": 51}}}], "properties": {"issue_confidence": "MEDIUM", "issue_severity": "HIGH"}, "baselineState": "new", "partialFingerprints": {}, "ruleId": "AWS009", "ruleIndex": 1}, {"message": {"markdown": "", "text": "Resource 'aws_security_group.all_ports_to_self' defines a fully open ingress security group."}, "locations": [{"physicalLocation": {"region": {"snippet": {"text": "    cidr_blocks = [\"0.0.0.0/0\"]\n"}, "startLine": 73}, "artifactLocation": {"uri": "file:///sadcloud//modules/aws/ec2/main.tf"}, "contextRegion": {"snippet": {"text": "    protocol    = -1\n    cidr_blocks = [\"0.0.0.0/0\"]\n"}, "endLine": 73, "startLine": 72}}}], "properties": {"issue_confidence": "MEDIUM", "issue_severity": "MEDIUM"}, "baselineState": "new", "partialFingerprints": {}, "ruleId": "AWS008", "ruleIndex": 0}, {"message": {"markdown": "", "text": "Resource 'aws_security_group.all_ports_to_self' defines a fully open egress security group."}, "level": "error", "locations": [{"physicalLocation": {"region": {"snippet": {"text": "    cidr_blocks = [\"0.0.0.0/0\"]\n"}, "startLine": 81}, "artifactLocation": {"uri": "file:///sadcloud//modules/aws/ec2/main.tf"}, "contextRegion": {"snippet": {"text": "    protocol    = -1\n    cidr_blocks = [\"0.0.0.0/0\"]\n"}, "endLine": 81, "startLine": 80}}}], "properties": {"issue_confidence": "MEDIUM", "issue_severity": "HIGH"}, "baselineState": "new", "partialFingerprints": {}, "ruleId": "AWS009", "ruleIndex": 1}, {"message": {"markdown": "", "text": "Resource 'aws_security_group.icmp_to_all' defines a fully open ingress security group."}, "locations": [{"physicalLocation": {"region": {"snippet": {"text": "    cidr_blocks = [\"0.0.0.0/0\"]\n"}, "startLine": 102}, "artifactLocation": {"uri": "file:///sadcloud//modules/aws/ec2/main.tf"}, "contextRegion": {"snippet": {"text": "    protocol    = \"icmp\"\n    cidr_blocks = [\"0.0.0.0/0\"]\n"}, "endLine": 102, "startLine": 101}}}], "properties": {"issue_confidence": "MEDIUM", "issue_severity": "MEDIUM"}, "baselineState": "new", "partialFingerprints": {}, "ruleId": "AWS008", "ruleIndex": 0}, {"message": {"markdown": "", "text": "Resource 'aws_security_group.icmp_to_all' defines a fully open egress security group."}, "level": "error", "locations": [{"physicalLocation": {"region": {"snippet": {"text": "    cidr_blocks = [\"0.0.0.0/0\"]\n"}, "startLine": 109}, "artifactLocation": {"uri": "file:///sadcloud//modules/aws/ec2/main.tf"}, "contextRegion": {"snippet": {"text": "    protocol    = -1\n    cidr_blocks = [\"0.0.0.0/0\"]\n"}, "endLine": 109, "startLine": 108}}}], "properties": {"issue_confidence": "MEDIUM", "issue_severity": "HIGH"}, "baselineState": "new", "partialFingerprints": {}, "ruleId": "AWS009", "ruleIndex": 1}, {"message": {"markdown": "", "text": "Resource 'aws_security_group.known_port_to_all' defines a fully open ingress security group."}, "locations": [{"physicalLocation": {"region": {"snippet": {"text": "    cidr_blocks = [\"0.0.0.0/0\"]\n"}, "startLine": 130}, "artifactLocation": {"uri": "file:///sadcloud//modules/aws/ec2/main.tf"}, "contextRegion": {"snippet": {"text": "    protocol    = \"tcp\"\n    cidr_blocks = [\"0.0.0.0/0\"]\n"}, "endLine": 130, "startLine": 129}}}], "properties": {"issue_confidence": "MEDIUM", "issue_severity": "MEDIUM"}, "baselineState": "new", "partialFingerprints": {}, "ruleId": "AWS008", "ruleIndex": 0}, {"message": {"markdown": "", "text": "Resource 'aws_security_group.known_port_to_all' defines a fully open egress security group."}, "level": "error", "locations": [{"physicalLocation": {"region": {"snippet": {"text": "    cidr_blocks = [\"0.0.0.0/0\"]\n"}, "startLine": 200}, "artifactLocation": {"uri": "file:///sadcloud//modules/aws/ec2/main.tf"}, "contextRegion": {"snippet": {"text": "    protocol    = -1\n    cidr_blocks = [\"0.0.0.0/0\"]\n"}, "endLine": 200, "startLine": 199}}}], "properties": {"issue_confidence": "MEDIUM", "issue_severity": "HIGH"}, "baselineState": "new", "partialFingerprints": {}, "ruleId": "AWS009", "ruleIndex": 1}, {"message": {"markdown": "", "text": "Resource 'aws_security_group.opens_plaintext_port' defines a fully open ingress security group."}, "locations": [{"physicalLocation": {"region": {"snippet": {"text": "    cidr_blocks = [\"0.0.0.0/0\"]\n"}, "startLine": 221}, "artifactLocation": {"uri": "file:///sadcloud//modules/aws/ec2/main.tf"}, "contextRegion": {"snippet": {"text": "    protocol    = \"tcp\"\n    cidr_blocks = [\"0.0.0.0/0\"]\n"}, "endLine": 221, "startLine": 220}}}], "properties": {"issue_confidence": "MEDIUM", "issue_severity": "MEDIUM"}, "baselineState": "new", "partialFingerprints": {}, "ruleId": "AWS008", "ruleIndex": 0}, {"message": {"markdown": "", "text": "Resource 'aws_security_group.opens_plaintext_port' defines a fully open egress security group."}, "level": "error", "locations": [{"physicalLocation": {"region": {"snippet": {"text": "    cidr_blocks = [\"0.0.0.0/0\"]\n"}, "startLine": 235}, "artifactLocation": {"uri": "file:///sadcloud//modules/aws/ec2/main.tf"}, "contextRegion": {"snippet": {"text": "    protocol    = -1\n    cidr_blocks = [\"0.0.0.0/0\"]\n"}, "endLine": 235, "startLine": 234}}}], "properties": {"issue_confidence": "MEDIUM", "issue_severity": "HIGH"}, "baselineState": "new", "partialFingerprints": {}, "ruleId": "AWS009", "ruleIndex": 1}, {"message": {"markdown": "", "text": "Resource 'aws_security_group.opens_port_range' defines a fully open ingress security group."}, "locations": [{"physicalLocation": {"region": {"snippet": {"text": "    cidr_blocks = [\"0.0.0.0/0\"]\n"}, "startLine": 256}, "artifactLocation": {"uri": "file:///sadcloud//modules/aws/ec2/main.tf"}, "contextRegion": {"snippet": {"text": "    protocol    = \"tcp\"\n    cidr_blocks = [\"0.0.0.0/0\"]\n"}, "endLine": 256, "startLine": 255}}}], "properties": {"issue_confidence": "MEDIUM", "issue_severity": "MEDIUM"}, "baselineState": "new", "partialFingerprints": {}, "ruleId": "AWS008", "ruleIndex": 0}, {"message": {"markdown": "", "text": "Resource 'aws_security_group.opens_port_range' defines a fully open egress security group."}, "level": "error", "locations": [{"physicalLocation": {"region": {"snippet": {"text": "    cidr_blocks = [\"0.0.0.0/0\"]\n"}, "startLine": 263}, "artifactLocation": {"uri": "file:///sadcloud//modules/aws/ec2/main.tf"}, "contextRegion": {"snippet": {"text": "    protocol    = -1\n    cidr_blocks = [\"0.0.0.0/0\"]\n"}, "endLine": 263, "startLine": 262}}}], "properties": {"issue_confidence": "MEDIUM", "issue_severity": "HIGH"}, "baselineState": "new", "partialFingerprints": {}, "ruleId": "AWS009", "ruleIndex": 1}, {"message": {"markdown": "", "text": "Resource 'aws_security_group.opens_port_to_all' defines a fully open ingress security group."}, "locations": [{"physicalLocation": {"region": {"snippet": {"text": "    cidr_blocks = [\"0.0.0.0/0\"]\n"}, "startLine": 284}, "artifactLocation": {"uri": "file:///sadcloud//modules/aws/ec2/main.tf"}, "contextRegion": {"snippet": {"text": "    protocol    = \"tcp\"\n    cidr_blocks = [\"0.0.0.0/0\"]\n"}, "endLine": 284, "startLine": 283}}}], "properties": {"issue_confidence": "MEDIUM", "issue_severity": "MEDIUM"}, "baselineState": "new", "partialFingerprints": {}, "ruleId": "AWS008", "ruleIndex": 0}, {"message": {"markdown": "", "text": "Resource 'aws_security_group.opens_port_to_all' defines a fully open egress security group."}, "level": "error", "locations": [{"physicalLocation": {"region": {"snippet": {"text": "    cidr_blocks = [\"0.0.0.0/0\"]\n"}, "startLine": 291}, "artifactLocation": {"uri": "file:///sadcloud//modules/aws/ec2/main.tf"}, "contextRegion": {"snippet": {"text": "    protocol    = -1\n    cidr_blocks = [\"0.0.0.0/0\"]\n"}, "endLine": 291, "startLine": 290}}}], "properties": {"issue_confidence": "MEDIUM", "issue_severity": "HIGH"}, "baselineState": "new", "partialFingerprints": {}, "ruleId": "AWS009", "ruleIndex": 1}, {"message": {"markdown": "", "text": "Resource 'aws_security_group.whitelists_aws_ip_from_banned_region' defines a fully open egress security group."}, "level": "error", "locations": [{"physicalLocation": {"region": {"snippet": {"text": "    cidr_blocks = [\"0.0.0.0/0\"]\n"}, "startLine": 319}, "artifactLocation": {"uri": "file:///sadcloud//modules/aws/ec2/main.tf"}, "contextRegion": {"snippet": {"text": "    protocol    = -1\n    cidr_blocks = [\"0.0.0.0/0\"]\n"}, "endLine": 319, "startLine": 318}}}], "properties": {"issue_confidence": "MEDIUM", "issue_severity": "HIGH"}, "baselineState": "new", "partialFingerprints": {}, "ruleId": "AWS009", "ruleIndex": 1}, {"message": {"markdown": "", "text": "Resource 'aws_security_group.whitelists_aws' defines a fully open egress security group."}, "level": "error", "locations": [{"physicalLocation": {"region": {"snippet": {"text": "    cidr_blocks = [\"0.0.0.0/0\"]\n"}, "startLine": 347}, "artifactLocation": {"uri": "file:///sadcloud//modules/aws/ec2/main.tf"}, "contextRegion": {"snippet": {"text": "    protocol    = -1\n    cidr_blocks = [\"0.0.0.0/0\"]\n"}, "endLine": 347, "startLine": 346}}}], "properties": {"issue_confidence": "MEDIUM", "issue_severity": "HIGH"}, "baselineState": "new", "partialFingerprints": {}, "ruleId": "AWS009", "ruleIndex": 1}, {"message": {"markdown": "", "text": "Resource 'aws_security_group.whitelists_unknown_cidrs' defines a fully open egress security group."}, "level": "error", "locations": [{"physicalLocation": {"region": {"snippet": {"text": "    cidr_blocks = [\"0.0.0.0/0\"]\n"}, "startLine": 375}, "artifactLocation": {"uri": "file:///sadcloud//modules/aws/ec2/main.tf"}, "contextRegion": {"snippet": {"text": "    protocol    = -1\n    cidr_blocks = [\"0.0.0.0/0\"]\n"}, "endLine": 375, "startLine": 374}}}], "properties": {"issue_confidence": "MEDIUM", "issue_severity": "HIGH"}, "baselineState": "new", "partialFingerprints": {}, "ruleId": "AWS009", "ruleIndex": 1}, {"message": {"markdown": "", "text": "Resource 'aws_security_group.unused_security_group' defines a fully open egress security group."}, "level": "error", "locations": [{"physicalLocation": {"region": {"snippet": {"text": "    cidr_blocks = [\"0.0.0.0/0\"]\n"}, "startLine": 401}, "artifactLocation": {"uri": "file:///sadcloud//modules/aws/ec2/main.tf"}, "contextRegion": {"snippet": {"text": "    protocol    = -1\n    cidr_blocks = [\"0.0.0.0/0\"]\n"}, "endLine": 401, "startLine": 400}}}], "properties": {"issue_confidence": "MEDIUM", "issue_severity": "HIGH"}, "baselineState": "new", "partialFingerprints": {}, "ruleId": "AWS009", "ruleIndex": 1}, {"message": {"markdown": "", "text": "Resource 'aws_s3_bucket.access_logging' defines an unencrypted S3 bucket (missing server_side_encryption_configuration block)."}, "level": "error", "locations": [{"physicalLocation": {"region": {"snippet": {"text": "resource \"aws_s3_bucket\" \"access_logging\" {\n"}, "startLine": 1}, "artifactLocation": {"uri": "file:///sadcloud//modules/aws/elbv2/main.tf"}, "contextRegion": {"snippet": {"text": "resource \"aws_s3_bucket\" \"access_logging\" {\n  bucket_prefix = var.name\n"}, "endLine": 2, "startLine": 1}}}], "properties": {"issue_confidence": "MEDIUM", "issue_severity": "HIGH"}, "baselineState": "new", "partialFingerprints": {}, "ruleId": "AWS017", "ruleIndex": 2}, {"message": {"markdown": "", "text": "Resource 'aws_lb.main' is exposed publicly."}, "locations": [{"physicalLocation": {"region": {"snippet": {"text": "resource \"aws_lb\" \"main\" {\n"}, "startLine": 9}, "artifactLocation": {"uri": "file:///sadcloud//modules/aws/elbv2/main.tf"}, "contextRegion": {"snippet": {"text": "\nresource \"aws_lb\" \"main\" {\n"}, "endLine": 9, "startLine": 8}}}], "properties": {"issue_confidence": "MEDIUM", "issue_severity": "MEDIUM"}, "baselineState": "new", "partialFingerprints": {}, "ruleId": "AWS005", "ruleIndex": 3}, {"message": {"markdown": "", "text": "Resource 'aws_s3_bucket.main' defines an unencrypted S3 bucket (missing server_side_encryption_configuration block)."}, "level": "error", "locations": [{"physicalLocation": {"region": {"snippet": {"text": "resource \"aws_s3_bucket\" \"main\" {\n"}, "startLine": 1}, "artifactLocation": {"uri": "file:///sadcloud//modules/aws/s3/main.tf"}, "contextRegion": {"snippet": {"text": "resource \"aws_s3_bucket\" \"main\" {\n  bucket_prefix = var.name\n"}, "endLine": 2, "startLine": 1}}}], "properties": {"issue_confidence": "MEDIUM", "issue_severity": "HIGH"}, "baselineState": "new", "partialFingerprints": {}, "ruleId": "AWS017", "ruleIndex": 2}, {"message": {"markdown": "", "text": "Resource 'aws_s3_bucket.logging' defines an unencrypted S3 bucket (missing server_side_encryption_configuration block)."}, "level": "error", "locations": [{"physicalLocation": {"region": {"snippet": {"text": "resource \"aws_s3_bucket\" \"logging\" {\n"}, "startLine": 41}, "artifactLocation": {"uri": "file:///sadcloud//modules/aws/s3/main.tf"}, "contextRegion": {"snippet": {"text": "\nresource \"aws_s3_bucket\" \"logging\" {\n"}, "endLine": 41, "startLine": 40}}}], "properties": {"issue_confidence": "MEDIUM", "issue_severity": "HIGH"}, "baselineState": "new", "partialFingerprints": {}, "ruleId": "AWS017", "ruleIndex": 2}, {"message": {"markdown": "", "text": "Resource 'aws_s3_bucket.getonly' defines an unencrypted S3 bucket (missing server_side_encryption_configuration block)."}, "level": "error", "locations": [{"physicalLocation": {"region": {"snippet": {"text": "resource \"aws_s3_bucket\" \"getonly\" {\n"}, "startLine": 103}, "artifactLocation": {"uri": "file:///sadcloud//modules/aws/s3/main.tf"}, "contextRegion": {"snippet": {"text": "\nresource \"aws_s3_bucket\" \"getonly\" {\n"}, "endLine": 103, "startLine": 102}}}], "properties": {"issue_confidence": "MEDIUM", "issue_severity": "HIGH"}, "baselineState": "new", "partialFingerprints": {}, "ruleId": "AWS017", "ruleIndex": 2}, {"message": {"markdown": "", "text": "Resource 'aws_s3_bucket.public' defines an unencrypted S3 bucket (missing server_side_encryption_configuration block)."}, "level": "error", "locations": [{"physicalLocation": {"region": {"snippet": {"text": "resource \"aws_s3_bucket\" \"public\" {\n"}, "startLine": 138}, "artifactLocation": {"uri": "file:///sadcloud//modules/aws/s3/main.tf"}, "contextRegion": {"snippet": {"text": "\nresource \"aws_s3_bucket\" \"public\" {\n"}, "endLine": 138, "startLine": 137}}}], "properties": {"issue_confidence": "MEDIUM", "issue_severity": "HIGH"}, "baselineState": "new", "partialFingerprints": {}, "ruleId": "AWS017", "ruleIndex": 2}, {"message": {"markdown": "", "text": "Resource 'aws_sns_topic.main' defines an unencrypted SNS topic."}, "level": "error", "locations": [{"physicalLocation": {"region": {"snippet": {"text": "resource \"aws_sns_topic\" \"main\" {\n"}, "startLine": 1}, "artifactLocation": {"uri": "file:///sadcloud//modules/aws/sns/main.tf"}, "contextRegion": {"snippet": {"text": "resource \"aws_sns_topic\" \"main\" {\n  name = var.name\n"}, "endLine": 2, "startLine": 1}}}], "properties": {"issue_confidence": "MEDIUM", "issue_severity": "CRITICAL"}, "baselineState": "new", "partialFingerprints": {}, "ruleId": "AWS016", "ruleIndex": 4}, {"message": {"markdown": "", "text": "Resource 'aws_s3_bucket.logging' defines an unencrypted S3 bucket (missing server_side_encryption_configuration block)."}, "level": "error", "locations": [{"physicalLocation": {"region": {"snippet": {"text": "resource \"aws_s3_bucket\" \"logging\" {\n"}, "startLine": 29}, "artifactLocation": {"uri": "file:///sadcloud//modules/aws/cloudtrail/main.tf"}, "contextRegion": {"snippet": {"text": "\nresource \"aws_s3_bucket\" \"logging\" {\n"}, "endLine": 29, "startLine": 28}}}], "properties": {"issue_confidence": "MEDIUM", "issue_severity": "HIGH"}, "baselineState": "new", "partialFingerprints": {}, "ruleId": "AWS017", "ruleIndex": 2}, {"message": {"markdown": "", "text": "Resource 'aws_elb.main' is exposed publicly."}, "locations": [{"physicalLocation": {"region": {"snippet": {"text": "resource \"aws_elb\" \"main\" {\n"}, "startLine": 1}, "artifactLocation": {"uri": "file:///sadcloud//modules/aws/elb/main.tf"}, "contextRegion": {"snippet": {"text": "resource \"aws_elb\" \"main\" {\n  name               = var.name\n"}, "endLine": 2, "startLine": 1}}}], "properties": {"issue_confidence": "MEDIUM", "issue_severity": "MEDIUM"}, "baselineState": "new", "partialFingerprints": {}, "ruleId": "AWS005", "ruleIndex": 3}], "automationDetails": {"description": {"text": "Static Analysis Security Test results using @ShiftLeft/sast-scan"}, "guid": "754aaa63-c177-46b2-a697-2ef1ed230d52"}, "versionControlProvenance": [{"branch": "master", "repositoryUri": "https://github.com/nccgroup/sadcloud", "revisionId": "3ba4c281e172567b9b3cd0a79608079aa1218661"}]}
{"tool": {"driver": {"name": "Security audit for Infrastructure"}}, "conversion": {"tool": {"driver": {"name": "@ShiftLeft/sast-scan"}}, "invocation": {"arguments": ["-s", "--quiet", "-o", "json", "-d", "/app"], "executionSuccessful": true, "commandLine": "-s --quiet -o json -d /app", "endTimeUtc": "2020-05-24T00:11:16Z", "workingDirectory": {"uri": "file:///sadcloud/"}}}, "invocations": [{"executionSuccessful": true, "endTimeUtc": "2020-05-24T00:11:16Z", "workingDirectory": {"uri": "file:///sadcloud/"}}], "properties": {"metrics": {"total": 0, "critical": 0, "high": 0, "medium": 0, "low": 0}}, "results": [], "automationDetails": {"description": {"text": "Static Analysis Security Test results using @ShiftLeft/sast-scan"}, "guid": "a1bc2661-9376-4737-b4ac-e119e7f9f6fb"}, "versionControlProvenance": [{"branch": "master", "repositoryUri": "https://github.com/nccgroup/sadcloud", "revisionId": "3ba4c281e172567b9b3cd0a79608079aa1218661"}]}
